{
  "group": "opores",
  "type": "minecraft:crafting_shaped",
  "pattern": [
    " 1 ",
    "345",
    "678"
  ],
  "key": {
    "1": {
      "item": "minecraft:piston"
    },
    "3": {
      "item": "minecraft:log",
      "data": 32767
    },
    "4": {
      "item": "minecraft:redstone"
    },
    "5": {
      "item": "minecraft:log",
      "data": 32767
    },
    "6": {
      "item": "minecraft:stone",
      "data": 32767
    },
    "7": {
      "item": "minecraft:stone",
      "data": 32767
    },
    "8": {
      "item": "minecraft:stone",
      "data": 32767
    }
  },
  "result": {
    "item": "opores:crusherblock",
    "count": 1
  }
}