{
  "group": "opores",
  "type": "minecraft:crafting_shaped",
  "pattern": [
    "01 ",
    "345",
    " 78"
  ],
  "key": {
    "0": {
      "item": "opores:umbroningot"
    },
    "1": {
      "item": "opores:umbrondust"
    },
    "3": {
      "item": "opores:umbrondust"
    },
    "4": {
      "item": "opores:umbroningot"
    },
    "5": {
      "item": "opores:umbrondust"
    },
    "7": {
      "item": "opores:umbrondust"
    },
    "8": {
      "item": "opores:titaniumhalfrod"
    }
  },
  "result": {
    "item": "opores:umbronsword",
    "count": 1
  }
}