{
  "group": "umbralore",
  "type": "minecraft:crafting_shaped",
  "pattern": [
    "01",
    "23",
    "45"
  ],
  "key": {
    "0": {
      "item": "minecraft:iron_ingot"
    },
    "1": {
      "item": "minecraft:iron_ingot"
    },
    "2": {
      "item": "umbralore:titaniumingot"
    },
    "3": {
      "item": "umbralore:titaniumingot"
    },
    "4": {
      "item": "minecraft:iron_ingot"
    },
    "5": {
      "item": "minecraft:iron_ingot"
    }
  },
  "result": {
    "item": "umbralore:cutter",
    "count": 1
  }
}