{
  "display": {
    "background": "minecraft:textures/blocks/stone.png",
    "icon": {
      "item": "opores:aluminumpickaxe"
    },
    "title": {
      "translate": "advancements.huh.title"
    },
    "description": {
      "translate": "advancements.huh.descr"
    },
    "frame": "task",
    "show_toast": true,
    "announce_to_chat": true,
    "hidden": false
  },
  "criteria": {
    "huh": {
      "trigger": "minecraft:inventory_changed",
      "conditions": {
        "items": [
          {
            "item": "opores:aluminumpickaxe",
            "count": {
              "min": 1,
              "max": 69
            }
          }
        ]
      }
    }
  },
  "rewards": {
    "experience": 0
  }
}