{
  "_fv": 6,
  "_type": "armor",
  "definition": {
    "enableHelmet": true,
    "textureHelmet": "lol",
    "enableBody": true,
    "textureBody": "luminumhestplate",
    "enableLeggings": true,
    "textureLeggings": "luminumeggings",
    "enableBoots": true,
    "textureBoots": "uminum_oots",
    "creativeTab": {
      "value": "CUSTOM:OPOres"
    },
    "armorTextureFile": "iron_",
    "helmetName": "Aluminum Helmet",
    "bodyName": "Aluminum Chestplate",
    "leggingsName": "Aluminum Leggings",
    "bootsName": "Aluminum Boots",
    "helmetModelName": "Default",
    "helmetModelPart": "Helmet",
    "helmetModelTexture": "From armor",
    "bodyModelName": "Default",
    "bodyModelPart": "Body",
    "bodyModelTexture": "From armor",
    "leggingsModelName": "Default",
    "leggingsModelPartL": "Leggings L",
    "leggingsModelPartR": "Leggings R",
    "leggingsModelTexture": "From armor",
    "bootsModelName": "Default",
    "bootsModelPartL": "Boots L",
    "bootsModelPartR": "Boots R",
    "bootsModelTexture": "From armor",
    "maxDamage": 1000,
    "damageValueHelmet": 200,
    "damageValueBody": 400,
    "damageValueLeggings": 300,
    "damageValueBoots": 200,
    "enchantability": 14,
    "toughness": 5.0,
    "equipSound": {
      "value": "item.armor.equip_turtle"
    },
    "repairItems": [
      {
        "value": "CUSTOM:Aluminum"
      }
    ]
  }
}