{
  "_fv": 6,
  "_type": "tool",
  "definition": {
    "renderType": 0,
    "texture": "aluminum_shivel",
    "customModelName": "Normal",
    "name": "Aluminum Shovel",
    "creativeTab": {
      "value": "CUSTOM:OPOres"
    },
    "toolType": "Spade",
    "harvestLevel": 5,
    "efficiency": 15.0,
    "attackSpeed": 0.8,
    "enchantability": 18,
    "damageVsEntity": 75.0,
    "usageCount": 10000,
    "blocksAffected": [],
    "hasGlow": false,
    "repairItems": [
      {
        "value": "CUSTOM:Aluminum"
      }
    ]
  }
}