{
  "_fv": 6,
  "_type": "tool",
  "definition": {
    "renderType": 0,
    "texture": "luminum_pickaxe",
    "customModelName": "Normal",
    "name": "Aluminum Pickaxe",
    "creativeTab": {
      "value": "CUSTOM:OPOres"
    },
    "toolType": "Pickaxe",
    "harvestLevel": 5,
    "efficiency": 25.0,
    "attackSpeed": 1.5,
    "enchantability": 15,
    "damageVsEntity": 85.0,
    "usageCount": 15000,
    "blocksAffected": [],
    "hasGlow": false,
    "repairItems": [
      {
        "value": "CUSTOM:Aluminum"
      }
    ]
  }
}