{
  "_fv": 6,
  "_type": "gui",
  "definition": {
    "type": 1,
    "width": 352,
    "height": 332,
    "renderBgLayer": true,
    "components": [
      {
        "type": "label",
        "data": {
          "text": "Crusher",
          "color": {
            "value": -1,
            "falpha": 0.0
          },
          "name": "Crusher",
          "x": 262,
          "y": 78
        }
      },
      {
        "type": "inputslot",
        "data": {
          "inputLimit": {
            "value": ""
          },
          "id": 0,
          "name": "Slot #0",
          "x": 274,
          "y": 109
        }
      },
      {
        "type": "image",
        "data": {
          "image": "goodarrow.png",
          "name": "goodarrow.png",
          "x": 391,
          "y": 141
        }
      },
      {
        "type": "inputslot",
        "data": {
          "inputLimit": {
            "value": ""
          },
          "id": 1,
          "name": "Slot #1",
          "x": 274,
          "y": 162
        }
      },
      {
        "type": "outputslot",
        "data": {
          "id": 2,
          "name": "Slot #2",
          "x": 518,
          "y": 138
        }
      },
      {
        "type": "button",
        "data": {
          "text": "Crush and Refine",
          "onClick": {
            "name": "CrusherProcedure"
          },
          "width": 320,
          "height": 40,
          "name": "Crush and Refine",
          "x": 266,
          "y": 198
        }
      }
    ]
  }
}