{
  "_fv": 6,
  "_type": "recipe",
  "definition": {
    "recipeType": "Crafting",
    "xpReward": 0.0,
    "recipeRetstackSize": 1,
    "group": "",
    "recipeShapeless": false,
    "recipeSlots": [
      {
        "value": ""
      },
      {
        "value": "Blocks.PISTON"
      },
      {
        "value": ""
      },
      {
        "value": "Blocks.LOG"
      },
      {
        "value": "Items.REDSTONE"
      },
      {
        "value": "Blocks.LOG"
      },
      {
        "value": "Blocks.STONE"
      },
      {
        "value": "Blocks.STONE"
      },
      {
        "value": "Blocks.STONE"
      }
    ],
    "recipeReturnStack": {
      "value": "CUSTOM:Crusherblock"
    },
    "name": "crusherrecipe",
    "namespace": "mod"
  }
}