{
  "_fv": 6,
  "_type": "achievement",
  "definition": {
    "achievementName": "Huh?",
    "achievementDescription": "You obtained an aluminum pickaxe (And learned how OP it is)",
    "achievementIcon": {
      "value": "CUSTOM:AluminumPickaxe"
    },
    "background": "Default",
    "disableDisplay": false,
    "showPopup": true,
    "announceToChat": true,
    "hideIfNotCompleted": false,
    "rewardLoot": [],
    "rewardRecipes": [],
    "rewardFunction": "No function",
    "rewardXP": 0,
    "achievementType": "task",
    "parent": {
      "value": "No parent: root"
    },
    "triggerxml": "<xml xmlns=\"https://developers.google.com/blockly/xml\"><block type=\"item_in_inventory\" x=\"44\" y=\"91\"><value name=\"amount_l\"><block type=\"math_number\"><field name=\"NUM\">1</field></block></value><value name=\"amount_h\"><block type=\"math_number\"><field name=\"NUM\">69</field></block></value><value name=\"item\"><block type=\"mcitem_all\"><field name=\"value\">CUSTOM:AluminumPickaxe</field></block></value><next><block type=\"advancement_trigger\" deletable=\"false\"/></next></block></xml>"
  }
}