{
  "_fv": 6,
  "_type": "recipe",
  "definition": {
    "recipeType": "Crafting",
    "xpReward": 0.0,
    "recipeRetstackSize": 1,
    "group": "",
    "recipeShapeless": false,
    "recipeSlots": [
      {
        "value": "CUSTOM:TitaniumHalfRod"
      },
      {
        "value": "CUSTOM:Umbroningot"
      },
      {
        "value": "CUSTOM:Umbroningot"
      },
      {
        "value": "CUSTOM:Umbroningot"
      },
      {
        "value": "CUSTOM:Titaniumrod"
      },
      {
        "value": ""
      },
      {
        "value": "CUSTOM:Umbroningot"
      },
      {
        "value": ""
      },
      {
        "value": "CUSTOM:TitaniumHalfRod"
      }
    ],
    "recipeReturnStack": {
      "value": "CUSTOM:UmbronPickaxe"
    },
    "name": "pickrecipie",
    "namespace": "mod"
  }
}