{
  "_fv": 6,
  "_type": "tool",
  "definition": {
    "renderType": 0,
    "texture": "mbronickaxe",
    "customModelName": "Normal",
    "name": "Umbron Pickaxe",
    "creativeTab": {
      "value": "TOOLS"
    },
    "toolType": "Pickaxe",
    "harvestLevel": 4,
    "efficiency": 30.0,
    "attackSpeed": 1.0,
    "enchantability": 20,
    "damageVsEntity": 30.0,
    "usageCount": 20000,
    "blocksAffected": [],
    "hasGlow": false,
    "repairItems": [
      {
        "value": "CUSTOM:Umbroncrystal"
      }
    ]
  }
}