{
  "_fv": 6,
  "_type": "armor",
  "definition": {
    "enableHelmet": true,
    "textureHelmet": "mbronat",
    "enableBody": true,
    "textureBody": "mbronhestplate",
    "enableLeggings": true,
    "textureLeggings": "mbronants",
    "enableBoots": true,
    "textureBoots": "mbronhoes",
    "creativeTab": {
      "value": "COMBAT"
    },
    "armorTextureFile": "rmour_",
    "helmetName": "Umbron Helmet",
    "bodyName": "Umbron Chestplate",
    "leggingsName": "Umbron Leggings",
    "bootsName": "Umbron Boots",
    "helmetModelName": "Default",
    "helmetModelPart": "Helmet",
    "helmetModelTexture": "From armor",
    "bodyModelName": "Default",
    "bodyModelPart": "Body",
    "bodyModelTexture": "From armor",
    "leggingsModelName": "Default",
    "leggingsModelPartL": "Leggings L",
    "leggingsModelPartR": "Leggings R",
    "leggingsModelTexture": "From armor",
    "bootsModelName": "Default",
    "bootsModelPartL": "Boots L",
    "bootsModelPartR": "Boots R",
    "bootsModelTexture": "From armor",
    "maxDamage": 25,
    "damageValueHelmet": 100,
    "damageValueBody": 170,
    "damageValueLeggings": 130,
    "damageValueBoots": 90,
    "enchantability": 20,
    "toughness": 4.0,
    "equipSound": {
      "value": "entity.blaze.shoot"
    },
    "repairItems": [
      {
        "value": "CUSTOM:Umbroncrystal"
      }
    ]
  }
}